{"nrows": 644, "yres": 2, "xmin": 384076.62662447337, "ymin": 5699397.285916773, "zres": 2, "xres": 2, "zmin": 90, "nslices": 45, "ncols": 797}